,Players,Costs,Total points,Positions,PPG,Team,Points per mil,Clean name
0,Leno,4.5,4,GKP,1.3,ARS,0.89,leno
1,Aubameyang,9.6,44,FWD,3.1,ARS,4.58,aubameyang
2,Cédric,4.2,2,DEF,0.5,ARS,0.48,cedric
3,Lacazette,8.5,44,FWD,3.1,ARS,5.18,lacazette
4,Xhaka,4.8,17,MID,1.9,ARS,3.54,xhaka
5,Marí,4.2,1,DEF,0.5,ARS,0.24,mari
6,Chambers,4.2,1,DEF,0.5,ARS,0.24,chambers
7,Elneny,4.4,10,MID,1.7,ARS,2.27,elneny
8,Maitland-Niles,5.2,12,MID,1.5,ARS,2.31,maitland-niles
9,Holding,4.1,7,DEF,1.8,ARS,1.71,holding
10,Partey,5.0,39,MID,2.6,ARS,7.80,partey
11,Tierney,4.9,70,DEF,5.4,ARS,14.29,tierney
12,Pépé,6.9,25,MID,2.8,ARS,3.62,pepe
13,Nketiah,5.4,3,FWD,1.0,ARS,0.56,nketiah
14,Smith Rowe,6.1,87,MID,5.1,ARS,14.26,smith rowe
15,Saka,6.3,87,MID,4.6,ARS,13.81,saka
16,Gabriel,5.3,81,DEF,5.1,ARS,15.28,gabriel
17,Martinelli,5.4,55,MID,4.6,ARS,10.19,martinelli
18,White,4.5,67,DEF,3.9,ARS,14.89,white
19,Tavares,4.3,31,DEF,2.4,ARS,7.21,tavares
20,Sambi Lokonga,4.8,23,MID,1.8,ARS,4.79,sambi lokonga
21,Balogun,4.7,2,FWD,1.0,ARS,0.43,balogun
22,Ødegaard,5.6,70,MID,4.1,ARS,12.50,ødegaard
23,Ramsdale,5.2,83,GKP,5.2,ARS,15.96,ramsdale
24,Tomiyasu,4.8,68,DEF,4.5,ARS,14.17,tomiyasu
25,Steer,4.0,1,GKP,1.0,AVL,0.25,steer
26,Martínez,5.5,67,GKP,3.9,AVL,12.18,martinez
27,Traoré,5.7,8,MID,1.6,AVL,1.40,traore
28,Sanson,5.0,5,MID,1.2,AVL,1.00,sanson
29,McGinn,5.9,60,MID,3.8,AVL,10.17,mcginn
30,Hause,4.4,17,DEF,4.2,AVL,3.86,hause
31,Mings,5.0,60,DEF,3.5,AVL,12.00,mings
32,Targett,4.7,47,DEF,2.9,AVL,10.00,targett
33,Watkins,7.9,63,FWD,3.9,AVL,7.97,watkins
34,Nakamba,4.5,16,MID,1.3,AVL,3.56,nakamba
35,El Ghazi,5.6,20,MID,2.2,AVL,3.57,el ghazi
36,Buendía,6.2,44,MID,2.8,AVL,7.10,buendia
37,Cash,5.0,57,DEF,3.2,AVL,11.40,cash
38,Konsa,4.9,53,DEF,3.1,AVL,10.82,konsa
39,Davis,4.5,1,FWD,1.0,AVL,0.22,davis
40,Douglas Luiz,4.5,39,MID,2.8,AVL,8.67,douglas luiz
41,Ramsey,4.6,42,MID,2.6,AVL,9.13,ramsey
42,Young,4.7,30,DEF,2.5,AVL,6.38,young
43,Tuanzebe,4.4,14,DEF,1.6,AVL,3.18,tuanzebe
44,Ings,7.7,45,FWD,3.5,AVL,5.84,ings
45,Bailey,6.3,27,MID,3.0,AVL,4.29,bailey
46,Philogene-Bidace,5.0,1,MID,1.0,AVL,0.20,philogene-bidace
47,Chukwuemeka,4.5,9,MID,1.8,AVL,2.00,chukwuemeka
48,Archer,4.5,3,FWD,1.0,AVL,0.67,archer
49,Jansson,4.6,60,DEF,3.5,BRE,13.04,jansson
50,Nørgaard,5.0,42,MID,2.5,BRE,8.40,nørgaard
51,Toney,6.6,56,FWD,3.7,BRE,8.48,toney
52,Raya,4.3,34,GKP,3.8,BRE,7.91,raya
53,Canós,5.5,54,MID,3.4,BRE,9.82,canos
54,Henry,4.5,54,DEF,3.4,BRE,12.00,henry
55,Janelt,5.0,35,MID,2.7,BRE,7.00,janelt
56,Ghoddos,5.3,19,MID,2.1,BRE,3.58,ghoddos
57,Jensen,4.9,22,MID,2.0,BRE,4.49,jensen
58,Goode,3.9,10,DEF,1.7,BRE,2.56,goode
59,Forss,5.3,10,FWD,1.7,BRE,1.89,forss
60,Roerslev,4.3,8,DEF,1.1,BRE,1.86,roerslev
61,Sørensen,4.3,1,DEF,0.5,BRE,0.23,sørensen
62,Pinnock,4.5,53,DEF,3.3,BRE,11.78,pinnock
63,Mbeumo,5.4,53,MID,3.3,BRE,9.81,mbeumo
64,Bidstrup,4.4,3,MID,1.0,BRE,0.68,bidstrup
65,Onyeka,4.9,28,MID,1.9,BRE,5.71,onyeka
66,Ajer,4.4,24,DEF,3.4,BRE,5.45,ajer
67,Thompson,4.4,1,DEF,1.0,BRE,0.23,thompson
68,Baptiste,4.9,22,MID,2.0,BRE,4.49,baptiste
69,Wissa,5.9,22,MID,2.4,BRE,3.73,wissa
70,Fernández,4.5,23,GKP,2.9,BRE,5.11,fernandez
71,Zanka,4.5,12,DEF,1.7,BRE,2.67,zanka
72,Lallana,5.3,31,MID,2.1,BHA,5.85,lallana
73,Steele,4.0,2,GKP,2.0,BHA,0.50,steele
74,Groß,5.7,32,MID,2.7,BHA,5.61,groß
75,Duffy,4.1,45,DEF,3.5,BHA,10.98,duffy
76,Burn,4.4,23,DEF,2.9,BHA,5.23,burn
77,Dunk,4.9,50,DEF,3.6,BHA,10.20,dunk
78,March,5.3,27,MID,1.9,BHA,5.09,march
79,Webster,4.4,22,DEF,2.4,BHA,5.00,webster
80,Veltman,4.2,35,DEF,2.7,BHA,8.33,veltman
81,Maupay,6.4,61,FWD,4.1,BHA,9.53,maupay
82,Trossard,6.2,68,MID,4.0,BHA,10.97,trossard
83,Sánchez,4.6,62,GKP,3.9,BHA,13.48,sanchez
84,Bissouma,4.4,27,MID,2.2,BHA,6.14,bissouma
85,Lamptey,4.5,32,DEF,3.2,BHA,7.11,lamptey
86,Connolly,5.3,5,FWD,1.2,BHA,0.94,connolly
87,Alzate,4.8,4,MID,1.3,BHA,0.83,alzate
88,Mac Allister,5.3,31,MID,2.6,BHA,5.85,mac allister
89,Moder,4.5,38,MID,2.4,BHA,8.44,moder
90,Welbeck,5.9,15,FWD,3.0,BHA,2.54,welbeck
91,Mwepu,5.9,26,MID,2.9,BHA,4.41,mwepu
92,Richards,4.5,2,MID,1.0,BHA,0.44,richards
93,Cucurella,5.0,56,DEF,4.0,BHA,11.20,cucurella
94,Locadia,4.5,1,FWD,1.0,BHA,0.22,locadia
95,Sarmiento,4.5,2,MID,1.0,BHA,0.44,sarmiento
96,Tarkowski,4.9,38,DEF,2.7,BUR,7.76,tarkowski
97,Pieters,4.2,3,DEF,1.0,BUR,0.71,pieters
98,Cork,4.4,13,MID,2.2,BUR,2.95,cork
99,Rodriguez,5.2,14,FWD,1.2,BUR,2.69,rodriguez
100,Barnes,5.2,9,FWD,1.1,BUR,1.73,barnes
101,Mee,4.8,34,DEF,3.1,BUR,7.08,mee
102,Westwood,5.3,37,MID,2.8,BUR,6.98,westwood
103,Gudmundsson,5.4,29,MID,1.9,BUR,5.37,gudmundsson
104,Wood,6.7,42,FWD,2.8,BUR,6.27,wood
105,Lowton,4.4,53,DEF,3.5,BUR,12.05,lowton
106,Vydra,5.2,23,FWD,1.8,BUR,4.42,vydra
107,Pope,5.4,47,GKP,3.1,BUR,8.70,pope
108,Taylor,4.4,43,DEF,3.1,BUR,9.77,taylor
109,Brownhill,4.3,26,MID,1.7,BUR,6.05,brownhill
110,McNeil,5.7,36,MID,2.4,BUR,6.32,mcneil
111,Collins,4.3,15,DEF,3.0,BUR,3.49,collins
112,Lennon,4.9,5,MID,0.8,BUR,1.02,lennon
113,Cornet,5.9,44,MID,4.9,BUR,7.46,cornet
114,Roberts,4.5,1,DEF,1.0,BUR,0.22,roberts
115,Azpilicueta,5.7,54,DEF,4.5,CHE,9.47,azpilicueta
116,Thiago Silva,5.6,74,DEF,4.6,CHE,13.21,thiago silva
117,Alonso,5.7,63,DEF,4.8,CHE,11.05,alonso
118,Jorginho,5.9,76,MID,4.8,CHE,12.88,jorginho
119,Barkley,5.2,7,MID,1.4,CHE,1.35,barkley
120,Kovacic,5.0,48,MID,4.4,CHE,9.60,kovacic
121,Rüdiger,6.2,90,DEF,5.0,CHE,14.52,rudiger
122,Arrizabalaga,4.7,6,GKP,6.0,CHE,1.28,arrizabalaga
123,Kanté,4.9,30,MID,3.0,CHE,6.12,kante
124,Ziyech,7.3,29,MID,2.9,CHE,3.97,ziyech
125,Loftus-Cheek,5.4,30,MID,2.5,CHE,5.56,loftus-cheek
126,Christensen,4.6,40,DEF,3.3,CHE,8.70,christensen
127,Werner,8.6,22,FWD,2.4,CHE,2.56,werner
128,Chilwell,5.6,54,DEF,9.0,CHE,9.64,chilwell
129,Pulisic,7.9,26,MID,2.9,CHE,3.29,pulisic
130,Mount,7.7,89,MID,5.6,CHE,11.56,mount
131,Hudson-Odoi,5.3,37,MID,3.7,CHE,6.98,hudson-odoi
132,Havertz,7.8,47,MID,3.4,CHE,6.03,havertz
133,James,6.4,90,DEF,6.0,CHE,14.06,james
134,Mendy,6.2,78,GKP,4.3,CHE,12.58,mendy
135,Sarr,4.9,8,DEF,8.0,CHE,1.63,sarr
136,Chalobah,4.7,55,DEF,4.6,CHE,11.70,chalobah
137,Lukaku,11.5,45,FWD,3.8,CHE,3.91,lukaku
138,Saúl,5.0,4,MID,0.8,CHE,0.80,saul
139,Gallagher,6.1,91,MID,5.4,CRY,14.92,gallagher
140,Guaita,4.6,54,GKP,3.4,CRY,11.74,guaita
141,Tomkins,4.3,16,DEF,2.3,CRY,3.72,tomkins
142,McArthur,4.3,33,MID,3.0,CRY,7.67,mcarthur
143,Benteke,6.3,49,FWD,2.9,CRY,7.78,benteke
144,Kouyaté,4.5,46,DEF,2.9,CRY,10.22,kouyate
145,Milivojevic,5.3,12,MID,1.7,CRY,2.26,milivojevic
146,Ayew,5.8,39,FWD,2.3,CRY,6.72,ayew
147,Zaha,6.8,61,MID,3.6,CRY,8.97,zaha
148,Schlupp,5.4,23,MID,1.8,CRY,4.26,schlupp
149,Butland,4.4,3,GKP,1.5,CRY,0.68,butland
150,Riedewald,4.7,3,MID,1.5,CRY,0.64,riedewald
151,Mateta,5.2,3,FWD,1.0,CRY,0.58,mateta
152,Eze,5.9,2,MID,1.0,CRY,0.34,eze
153,Ferguson,4.5,1,DEF,1.0,CRY,0.22,ferguson
154,Mitchell,4.5,48,DEF,2.7,CRY,10.67,mitchell
155,Hughes,4.7,12,MID,3.0,CRY,2.55,hughes
156,Olise,5.4,24,MID,2.0,CRY,4.44,olise
157,Ward,4.5,38,DEF,2.2,CRY,8.44,ward
158,Guéhi,4.6,54,DEF,3.2,CRY,11.74,guehi
159,Andersen,4.5,42,DEF,3.0,CRY,9.33,andersen
160,Clyne,4.3,2,DEF,1.0,CRY,0.47,clyne
161,Rak-Sakyi,4.4,1,MID,1.0,CRY,0.23,rak-sakyi
162,Edouard,6.3,47,FWD,3.1,CRY,7.46,edouard
163,Delph,4.3,6,MID,1.0,EVE,1.40,delph
164,Coleman,4.9,28,DEF,2.2,EVE,5.71,coleman
165,Digne,5.0,27,DEF,2.1,EVE,5.40,digne
166,Keane,4.9,55,DEF,3.2,EVE,11.22,keane
167,Pickford,4.9,50,GKP,3.1,EVE,10.20,pickford
168,Allan,4.4,39,MID,2.6,EVE,8.86,allan
169,André Gomes,4.9,10,MID,1.7,EVE,2.04,andre gomes
170,Doucouré,5.4,57,MID,4.4,EVE,10.56,doucoure
171,Iwobi,5.8,32,MID,2.5,EVE,5.52,iwobi
172,Mina,4.9,13,DEF,1.9,EVE,2.65,mina
173,Davies,4.8,11,MID,2.2,EVE,2.29,davies
174,Calvert-Lewin,7.9,23,FWD,7.7,EVE,2.91,calvert-lewin
175,Holgate,4.2,10,DEF,1.4,EVE,2.38,holgate
176,Godfrey,4.8,25,DEF,1.8,EVE,5.21,godfrey
177,Richarlison,7.4,39,FWD,3.5,EVE,5.27,richarlison
178,Begović,4.0,1,GKP,1.0,EVE,0.25,begovic
179,Townsend,5.2,60,MID,3.8,EVE,11.54,townsend
180,Gray,5.5,66,MID,4.1,EVE,12.00,gray
181,Kenny,4.4,3,DEF,1.5,EVE,0.68,kenny
182,Gordon,4.5,23,MID,1.6,EVE,5.11,gordon
183,Gbamin,4.4,3,MID,1.0,EVE,0.68,gbamin
184,Branthwaite,4.0,9,DEF,9.0,EVE,2.25,branthwaite
185,Rondón,6.0,21,FWD,1.9,EVE,3.50,rondon
186,Simms,4.5,2,FWD,2.0,EVE,0.44,simms
187,Dobbin,4.5,2,FWD,0.7,EVE,0.44,dobbin
188,Tosun,5.0,1,FWD,1.0,EVE,0.20,tosun
189,Onyango,4.5,2,MID,1.0,EVE,0.44,onyango
190,Schmeichel,4.8,43,GKP,2.5,LEI,8.96,schmeichel
191,Evans,5.4,19,DEF,1.9,LEI,3.52,evans
192,Albrighton,5.2,16,MID,2.3,LEI,3.08,albrighton
193,Vardy,10.4,77,FWD,5.1,LEI,7.40,vardy
194,Pereira,5.2,21,DEF,2.6,LEI,4.04,pereira
195,Amartey,3.8,11,DEF,1.2,LEI,2.89,amartey
196,Castagne,5.3,22,DEF,1.5,LEI,4.15,castagne
197,Tielemans,6.4,69,MID,5.3,LEI,10.78,tielemans
198,Pérez,5.7,12,MID,1.7,LEI,2.11,perez
199,Maddison,6.8,79,MID,4.6,LEI,11.62,maddison
200,Iheanacho,6.9,43,FWD,3.3,LEI,6.23,iheanacho
201,Choudhury,4.4,2,MID,1.0,LEI,0.45,choudhury
202,Barnes,6.5,49,MID,3.5,LEI,7.54,barnes
203,Ndidi,4.8,26,MID,2.2,LEI,5.42,ndidi
204,Söyüncü,4.9,32,DEF,2.0,LEI,6.53,soyuncu
205,Thomas,4.3,21,DEF,2.3,LEI,4.88,thomas
206,Vestergaard,4.7,9,DEF,1.1,LEI,1.91,vestergaard
207,Daka,7.1,28,FWD,4.0,LEI,3.94,daka
208,Soumaré,4.8,27,MID,2.1,LEI,5.62,soumare
209,Bertrand,4.6,4,DEF,1.0,LEI,0.87,bertrand
210,Dewsbury-Hall,4.4,11,MID,1.4,LEI,2.50,dewsbury-hall
211,Lookman,6.0,28,MID,2.5,LEI,4.67,lookman
212,McAteer,4.5,1,MID,1.0,LEI,0.22,mcateer
213,Cooper,4.5,41,DEF,2.7,LEE,9.11,cooper
214,Ayling,4.3,19,DEF,2.1,LEE,4.42,ayling
215,Klich,5.2,30,MID,2.3,LEE,5.77,klich
216,Rodrigo,6.2,29,FWD,2.4,LEE,4.68,rodrigo
217,Dallas,5.0,43,MID,2.4,LEE,8.60,dallas
218,Bamford,7.7,25,FWD,4.2,LEE,3.25,bamford
219,Llorente,4.5,37,DEF,2.8,LEE,8.22,llorente
220,Phillips,4.8,25,MID,2.1,LEE,5.21,phillips
221,Roberts,4.8,30,MID,1.7,LEE,6.25,roberts
222,Koch,4.3,-1,DEF,-0.5,LEE,-0.23,koch
223,Raphinha,6.5,82,MID,5.1,LEE,12.62,raphinha
224,Shackleton,4.4,16,MID,1.5,LEE,3.64,shackleton
225,Struijk,4.3,9,DEF,0.8,LEE,2.09,struijk
226,Meslier,4.9,52,GKP,2.9,LEE,10.61,meslier
227,Harrison,5.6,29,MID,1.9,LEE,5.18,harrison
228,James,6.0,43,MID,2.7,LEE,7.17,james
229,Firpo,4.7,9,DEF,0.8,LEE,1.91,firpo
230,Greenwood,4.5,1,FWD,1.0,LEE,0.22,greenwood
231,Summerville,4.5,5,MID,1.0,LEE,1.11,summerville
232,Forshaw,4.5,18,MID,1.8,LEE,4.00,forshaw
233,Cresswell,4.0,4,DEF,1.0,LEE,1.00,cresswell
234,McCarron,4.5,1,MID,1.0,LEE,0.22,mccarron
235,Gelhardt,4.6,18,FWD,3.0,LEE,3.91,gelhardt
236,McKinstry,4.3,1,MID,1.0,LEE,0.23,mckinstry
237,Milner,4.9,21,MID,1.9,LIV,4.29,milner
238,Henderson,5.1,62,MID,3.9,LIV,12.16,henderson
239,Matip,4.9,54,DEF,3.9,LIV,11.02,matip
240,Thiago,5.3,31,MID,2.8,LIV,5.85,thiago
241,Chamberlain,5.8,24,MID,2.0,LIV,4.14,chamberlain
242,Firmino,8.7,40,FWD,4.0,LIV,4.60,firmino
243,van Dijk,6.6,83,DEF,5.2,LIV,12.58,van dijk
244,Mané,11.8,89,MID,4.9,LIV,7.54,mane
245,Alisson,6.0,76,GKP,4.5,LIV,12.67,alisson
246,Fabinho,5.4,33,MID,2.8,LIV,6.11,fabinho
247,Salah,13.0,170,MID,9.4,LIV,13.08,salah
248,Robertson,7.0,69,DEF,4.9,LIV,9.86,robertson
249,Origi,4.8,14,FWD,4.7,LIV,2.92,origi
250,Minamino,5.1,10,MID,1.7,LIV,1.96,minamino
251,Alexander-Arnold,8.3,126,DEF,7.9,LIV,15.18,alexander-arnold
252,Gomez,4.7,3,DEF,1.0,LIV,0.64,gomez
253,Keita,5.0,32,MID,3.6,LIV,6.40,keita
254,Jota,8.1,94,MID,5.5,LIV,11.60,jota
255,Kelleher,4.3,6,GKP,6.0,LIV,1.40,kelleher
256,Konaté,5.1,21,DEF,3.5,LIV,4.12,konate
257,Jones,5.0,21,MID,4.2,LIV,4.20,jones
258,Tsimikas,3.7,30,DEF,4.3,LIV,8.11,tsimikas
259,N.Williams,3.9,4,DEF,4.0,LIV,1.03,n.williams
260,Elliott,5.3,9,MID,2.2,LIV,1.70,elliott
261,Morton,4.5,1,MID,0.5,LIV,0.22,morton
262,Grealish,7.6,49,MID,3.8,MCI,6.45,grealish
263,Walker,5.5,51,DEF,4.2,MCI,9.27,walker
264,Gündogan,7.3,69,MID,5.3,MCI,9.45,gundogan
265,De Bruyne,11.9,57,MID,4.4,MCI,4.79,de bruyne
266,Stones,5.3,32,DEF,5.3,MCI,6.04,stones
267,Mahrez,8.6,68,MID,4.5,MCI,7.91,mahrez
268,Sterling,10.6,75,MID,4.7,MCI,7.08,sterling
269,Cancelo,6.9,113,DEF,6.3,MCI,16.38,cancelo
270,Ederson,6.0,77,GKP,4.3,MCI,12.83,ederson
271,Aké,4.7,24,DEF,4.0,MCI,5.11,ake
272,Laporte,5.5,72,DEF,4.8,MCI,13.09,laporte
273,Steffen,4.5,7,GKP,7.0,MCI,1.56,steffen
274,Bernardo,7.6,95,MID,5.3,MCI,12.50,bernardo
275,Dias,6.2,88,DEF,4.9,MCI,14.19,dias
276,Jesus,8.7,65,FWD,4.3,MCI,7.47,jesus
277,Zinchenko,5.3,28,DEF,4.0,MCI,5.28,zinchenko
278,Foden,8.1,62,MID,5.2,MCI,7.65,foden
279,Rodrigo,5.5,51,MID,3.2,MCI,9.27,rodrigo
280,Torres,6.7,26,MID,6.5,MCI,3.88,torres
281,Fernandinho,4.8,25,MID,2.3,MCI,5.21,fernandinho
282,Palmer,4.5,9,MID,2.2,MCI,2.00,palmer
283,McAtee,4.4,1,MID,1.0,MCI,0.23,mcatee
284,Cavani,8.4,17,FWD,2.8,MUN,2.02,cavani
285,de Gea,5.1,71,GKP,4.2,MUN,13.92,de gea
286,Matic,4.4,20,MID,2.2,MUN,4.55,matic
287,Pogba,7.4,35,MID,3.9,MUN,4.73,pogba
288,Maguire,5.4,38,DEF,2.5,MUN,7.04,maguire
289,Fred,5.0,45,MID,3.2,MUN,9.00,fred
290,Shaw,5.0,26,DEF,2.2,MUN,5.20,shaw
291,Lingard,6.8,19,MID,2.4,MUN,2.79,lingard
292,Fernandes,11.6,71,MID,4.2,MUN,6.12,fernandes
293,Martial,7.6,13,FWD,1.9,MUN,1.71,martial
294,Telles,5.0,18,DEF,3.0,MUN,3.60,telles
295,Rashford,9.4,30,MID,3.0,MUN,3.19,rashford
296,van de Beek,5.7,13,MID,1.9,MUN,2.28,van de beek
297,Lindelöf,4.8,34,DEF,2.6,MUN,7.08,lindelof
298,McTominay,5.4,27,MID,1.8,MUN,5.00,mctominay
299,Wan-Bissaka,5.1,28,DEF,2.2,MUN,5.49,wan-bissaka
300,Greenwood,7.2,52,MID,4.0,MUN,7.22,greenwood
301,Sancho,8.9,32,MID,2.3,MUN,3.60,sancho
302,Dalot,4.5,18,DEF,2.2,MUN,4.00,dalot
303,Elanga,4.8,1,MID,1.0,MUN,0.21,elanga
304,Varane,5.5,30,DEF,4.3,MUN,5.45,varane
305,Ronaldo,12.5,68,FWD,4.9,MUN,5.44,ronaldo
306,Willock,5.7,29,MID,1.8,NEW,5.09,willock
307,Shelvey,5.3,24,MID,2.2,NEW,4.53,shelvey
308,Ritchie,4.9,18,DEF,1.1,NEW,3.67,ritchie
309,Clark,4.4,13,DEF,1.1,NEW,2.95,clark
310,Darlow,4.5,20,GKP,2.5,NEW,4.44,darlow
311,Dubravka,4.4,17,GKP,2.4,NEW,3.86,dubravka
312,Wilson,7.4,59,FWD,3.9,NEW,7.97,wilson
313,Hendrick,4.8,8,MID,2.7,NEW,1.67,hendrick
314,Fraser,5.3,25,MID,1.8,NEW,4.72,fraser
315,Lascelles,4.4,21,DEF,1.4,NEW,4.77,lascelles
316,Gayle,5.2,4,FWD,1.0,NEW,0.77,gayle
317,Manquillo,3.9,28,DEF,2.3,NEW,7.18,manquillo
318,Krafth,4.3,11,DEF,1.6,NEW,2.56,krafth
319,Murphy,4.7,32,MID,2.0,NEW,6.81,murphy
320,Schär,4.3,18,DEF,2.0,NEW,4.19,schar
321,Hayden,4.5,28,MID,2.0,NEW,6.22,hayden
322,Saint-Maximin,6.6,74,FWD,3.9,NEW,11.21,saint-maximin
323,Almirón,5.1,27,MID,1.7,NEW,5.29,almiron
324,S.Longstaff,4.5,29,MID,2.2,NEW,6.44,s.longstaff
325,Joelinton,5.8,37,FWD,2.1,NEW,6.38,joelinton
326,Lewis,4.2,10,DEF,2.0,NEW,2.38,lewis
327,Fernández,4.3,11,DEF,1.6,NEW,2.56,fernandez
328,Woodman,4.4,9,GKP,2.2,NEW,2.05,woodman
329,Gilmour,4.4,25,MID,2.3,NOR,5.68,gilmour
330,Williams,3.9,16,DEF,1.3,NOR,4.10,williams
331,Krul,4.5,49,GKP,2.9,NOR,10.89,krul
332,Pukki,5.9,62,FWD,3.4,NOR,10.51,pukki
333,Rupp,4.4,14,MID,1.4,NOR,3.18,rupp
334,McLean,4.9,35,MID,2.1,NOR,7.14,mclean
335,Hanley,4.4,38,DEF,2.5,NOR,8.64,hanley
336,Dowell,5.1,13,MID,1.6,NOR,2.55,dowell
337,Cantwell,5.3,10,MID,1.2,NOR,1.89,cantwell
338,Aarons,4.3,33,DEF,1.8,NOR,7.67,aarons
339,Sørensen,4.3,4,DEF,1.3,NOR,0.93,sørensen
340,Placheta,4.7,7,MID,1.8,NOR,1.49,placheta
341,Idah,4.9,13,FWD,1.1,NOR,2.65,idah
342,Omobamidele,3.9,14,DEF,2.8,NOR,3.59,omobamidele
343,Rashica,5.2,25,MID,1.9,NOR,4.81,rashica
344,Gibson,4.4,24,DEF,1.7,NOR,5.45,gibson
345,Giannoulis,4.4,22,DEF,2.4,NOR,5.00,giannoulis
346,Lees-Melou,4.8,23,MID,1.8,NOR,4.79,lees-melou
347,Sargent,5.4,26,FWD,1.6,NOR,4.81,sargent
348,Tzolis,4.8,9,MID,1.1,NOR,1.88,tzolis
349,Kabak,4.4,16,DEF,1.8,NOR,3.64,kabak
350,Normann,4.5,26,MID,2.9,NOR,5.78,normann
351,Walcott,5.8,11,MID,1.4,SOU,1.90,walcott
352,Forster,4.4,1,GKP,1.0,SOU,0.23,forster
353,McCarthy,4.5,53,GKP,3.5,SOU,11.78,mccarthy
354,Romeu,4.5,32,MID,1.9,SOU,7.11,romeu
355,Redmond,5.9,47,MID,3.1,SOU,7.97,redmond
356,Stephens,4.4,10,DEF,1.7,SOU,2.27,stephens
357,S.Armstrong,5.8,5,MID,1.0,SOU,0.86,s.armstrong
358,Ward-Prowse,6.3,61,MID,3.8,SOU,9.68,ward-prowse
359,Walker-Peters,4.8,36,DEF,2.6,SOU,7.50,walker-peters
360,Bednarek,4.4,53,DEF,4.1,SOU,12.05,bednarek
361,Adams,6.8,48,FWD,3.7,SOU,7.06,adams
362,Tella,4.7,13,MID,1.6,SOU,2.77,tella
363,Smallbone,4.5,2,MID,2.0,SOU,0.44,smallbone
364,Diallo,4.5,20,MID,1.7,SOU,4.44,diallo
365,Djenepo,5.2,9,MID,1.1,SOU,1.73,djenepo
366,Salisu,4.5,36,DEF,2.1,SOU,8.00,salisu
367,Perraud,4.8,18,DEF,2.6,SOU,3.75,perraud
368,Livramento,4.4,54,DEF,3.0,SOU,12.27,livramento
369,Elyounoussi,5.4,38,MID,2.7,SOU,7.04,elyounoussi
370,Broja,5.2,51,FWD,3.6,SOU,9.81,broja
371,Long,5.4,2,FWD,1.0,SOU,0.37,long
372,A.Armstrong,5.8,47,FWD,3.1,SOU,8.10,a.armstrong
373,Lyanco,4.4,7,DEF,0.9,SOU,1.59,lyanco
374,Caballero,4.5,2,GKP,1.0,SOU,0.44,caballero
375,Lloris,5.4,71,GKP,4.4,TOT,13.15,lloris
376,Kane,12.1,45,FWD,3.0,TOT,3.72,kane
377,Son,10.5,96,MID,6.4,TOT,9.14,son
378,Doherty,4.7,3,DEF,1.0,TOT,0.64,doherty
379,Dier,4.6,61,DEF,3.8,TOT,13.26,dier
380,Lucas Moura,6.5,54,MID,3.6,TOT,8.31,lucas moura
381,Dele,6.2,23,MID,2.6,TOT,3.71,dele
382,Davies,4.5,29,DEF,4.1,TOT,6.44,davies
383,Højbjerg,5.0,55,MID,3.7,TOT,11.00,højbjerg
384,Winks,4.4,10,MID,2.0,TOT,2.27,winks
385,Sánchez,4.5,46,DEF,4.6,TOT,10.22,sanchez
386,Sessegnon,4.3,8,DEF,2.7,TOT,1.86,sessegnon
387,Bergwijn,5.9,20,MID,2.5,TOT,3.39,bergwijn
388,Reguilón,5.3,70,DEF,4.7,TOT,13.21,reguilon
389,Tanganga,4.2,29,DEF,3.2,TOT,6.90,tanganga
390,Lo Celso,5.9,9,MID,1.3,TOT,1.53,lo celso
391,Skipp,4.5,29,MID,1.9,TOT,6.44,skipp
392,Rodon,4.3,1,DEF,1.0,TOT,0.23,rodon
393,Ndombele,5.7,22,MID,2.4,TOT,3.86,ndombele
394,Bryan,5.7,6,MID,1.0,TOT,1.05,bryan
395,Romero,4.9,13,DEF,1.9,TOT,2.65,romero
396,Emerson Royal,4.9,34,DEF,2.8,TOT,6.94,emerson royal
397,Sissoko,4.4,30,MID,2.1,WAT,6.82,sissoko
398,Foster,4.1,28,GKP,3.5,WAT,6.83,foster
399,Rose,4.2,7,DEF,0.9,WAT,1.67,rose
400,Gosling,4.7,1,MID,1.0,WAT,0.21,gosling
401,Cathcart,4.3,17,DEF,1.2,WAT,3.95,cathcart
402,Cleverley,4.8,22,MID,1.8,WAT,4.58,cleverley
403,Femenía,4.3,16,DEF,1.6,WAT,3.72,femenia
404,Kabasele,4.3,3,DEF,1.0,WAT,0.70,kabasele
405,Troost-Ekong,4.3,15,DEF,1.0,WAT,3.49,troost-ekong
406,Bachmann,4.2,16,GKP,2.0,WAT,3.81,bachmann
407,Masina,4.3,10,DEF,1.1,WAT,2.33,masina
408,Sema,5.2,8,MID,1.1,WAT,1.54,sema
409,Fletcher,4.9,3,FWD,1.0,WAT,0.61,fletcher
410,Sierralta,4.3,3,DEF,1.0,WAT,0.70,sierralta
411,Sarr,5.8,53,MID,4.4,WAT,9.14,sarr
412,Ngakia,4.3,11,DEF,1.1,WAT,2.56,ngakia
413,Louza,5.2,5,MID,1.0,WAT,0.96,louza
414,João Pedro,5.4,21,FWD,1.9,WAT,3.89,joao pedro
415,Dennis,6.0,84,FWD,5.6,WAT,14.00,dennis
416,Etebo,4.3,7,MID,1.2,WAT,1.63,etebo
417,King,5.8,56,FWD,4.0,WAT,9.66,king
418,Cucho,5.0,29,FWD,2.4,WAT,5.80,cucho
419,Kucka,5.5,25,MID,1.9,WAT,4.55,kucka
420,Tufan,5.0,8,MID,1.3,WAT,1.60,tufan
421,Nkoulou,4.4,5,DEF,1.7,WAT,1.14,nkoulou
422,Zouma,5.4,32,DEF,2.9,WHU,5.93,zouma
423,Fabianski,5.0,66,GKP,3.7,WHU,13.20,fabianski
424,Ogbonna,4.9,40,DEF,3.6,WHU,8.16,ogbonna
425,Cresswell,5.3,52,DEF,4.0,WHU,9.81,cresswell
426,Yarmolenko,5.1,9,MID,1.0,WHU,1.76,yarmolenko
427,Antonio,7.7,80,FWD,4.7,WHU,10.39,antonio
428,Dawson,4.9,30,DEF,2.0,WHU,6.12,dawson
429,Fredericks,4.4,1,DEF,1.0,WHU,0.23,fredericks
430,Lanzini,5.8,32,MID,2.7,WHU,5.52,lanzini
431,Masuaku,4.4,22,DEF,3.1,WHU,5.00,masuaku
432,Coufal,4.7,30,DEF,2.0,WHU,6.38,coufal
433,Benrahma,5.9,75,MID,4.2,WHU,12.71,benrahma
434,Bowen,6.5,80,MID,4.4,WHU,12.31,bowen
435,Rice,5.1,54,MID,3.0,WHU,10.59,rice
436,Soucek,5.7,57,MID,3.2,WHU,10.00,soucek
437,Fornals,6.0,65,MID,3.6,WHU,10.83,fornals
438,Diop,4.3,9,DEF,2.2,WHU,2.09,diop
439,Johnson,4.0,28,DEF,3.1,WHU,7.00,johnson
440,Vlasic,5.7,8,MID,1.1,WHU,1.40,vlasic
441,Ashby,4.0,1,DEF,1.0,WHU,0.25,ashby
442,Moutinho,4.9,42,MID,2.3,WOL,8.57,moutinho
443,Coady,4.5,71,DEF,3.9,WOL,15.78,coady
444,Jiménez,7.5,56,FWD,3.3,WOL,7.47,jimenez
445,Saïss,5.0,75,DEF,4.2,WOL,15.00,saiss
446,Marçal,4.2,41,DEF,4.1,WOL,9.76,marcal
447,Dendoncker,4.8,24,MID,1.7,WOL,5.00,dendoncker
448,Traoré,5.6,36,MID,2.1,WOL,6.43,traore
449,Neves,5.3,41,MID,2.4,WOL,7.74,neves
450,Semedo,4.8,58,DEF,3.6,WOL,12.08,semedo
451,Podence,5.5,26,MID,2.2,WOL,4.73,podence
452,Kilman,4.5,65,DEF,3.6,WOL,14.44,kilman
453,Hoever,3.9,11,DEF,1.8,WOL,2.82,hoever
454,Fabio Silva,5.6,8,FWD,1.0,WOL,1.43,fabio silva
455,Trincão,5.6,28,MID,2.0,WOL,5.00,trincao
456,Ait Nouri,4.3,41,DEF,4.6,WOL,9.53,ait nouri
457,Sá,5.1,83,GKP,4.6,WOL,16.27,sa
458,Hwang,5.5,47,FWD,3.4,WOL,8.55,hwang
