,Players,Costs,Total points,Positions,PPG,Team,Points per mil,Clean name
81,Robertson,7.0,69,DEF,4.9,LIV,9.86,robertson
22,Canós,5.5,54,MID,3.4,BRE,9.82,canos
26,Mbeumo,5.4,53,MID,3.3,BRE,9.81,mbeumo
51,Broja,5.2,51,FWD,3.6,SOU,9.81,broja
145,Cresswell,5.3,52,DEF,4.0,WHU,9.81,cresswell
36,Taylor,4.4,43,DEF,3.1,BUR,9.77,taylor
155,Marçal,4.2,41,DEF,4.1,WOL,9.76,marcal
162,Ward-Prowse,6.3,61,MID,3.8,SOU,9.68,ward-prowse
58,King,5.8,56,FWD,4.0,WAT,9.66,king
44,Chilwell,5.6,54,DEF,9.0,CHE,9.64,chilwell
51,Kovacic,5.0,48,MID,4.4,CHE,9.60,kovacic
159,Ait Nouri,4.3,41,DEF,4.6,WOL,9.53,ait nouri
10,Maupay,6.4,61,FWD,4.1,BHA,9.53,maupay
39,Azpilicueta,5.7,54,DEF,4.5,CHE,9.47,azpilicueta
118,Gündogan,7.3,69,MID,5.3,MCI,9.45,gundogan
54,Andersen,4.5,42,DEF,3.0,CRY,9.33,andersen
87,Walker,5.5,51,DEF,4.2,MCI,9.27,walker
124,Rodrigo,5.5,51,MID,3.2,MCI,9.27,rodrigo
182,Sarr,5.8,53,MID,4.4,WAT,9.14,sarr
168,Son,10.5,96,MID,6.4,TOT,9.14,son
17,Ramsey,4.6,42,MID,2.6,AVL,9.13,ramsey
72,Cooper,4.5,41,DEF,2.7,LEE,9.11,cooper
131,Fred,5.0,45,MID,3.2,MUN,9.00,fred
63,Zaha,6.8,61,MID,3.6,CRY,8.97,zaha
15,Schmeichel,4.8,43,GKP,2.5,LEI,8.96,schmeichel
71,Allan,4.4,39,MID,2.6,EVE,8.86,allan
43,Christensen,4.6,40,DEF,3.3,CHE,8.70,christensen
8,Pope,5.4,47,GKP,3.1,BUR,8.70,pope
16,Douglas Luiz,4.5,39,MID,2.8,AVL,8.67,douglas luiz
110,Hanley,4.4,38,DEF,2.5,NOR,8.64,hanley
93,Dallas,5.0,43,MID,2.4,LEE,8.60,dallas
195,Moutinho,4.9,42,MID,2.3,WOL,8.57,moutinho
63,Hwang,5.5,47,FWD,3.4,WOL,8.55,hwang
8,Toney,6.6,56,FWD,3.7,BRE,8.48,toney
38,Moder,4.5,38,MID,2.4,BHA,8.44,moder
52,Ward,4.5,38,DEF,2.2,CRY,8.44,ward
21,Nørgaard,5.0,42,MID,2.5,BRE,8.40,nørgaard
29,Veltman,4.2,35,DEF,2.7,BHA,8.33,veltman
169,Lucas Moura,6.5,54,MID,3.6,TOT,8.31,lucas moura
74,Llorente,4.5,37,DEF,2.8,LEE,8.22,llorente
144,Ogbonna,4.9,40,DEF,3.6,WHU,8.16,ogbonna
85,Tsimikas,3.7,30,DEF,4.3,LIV,8.11,tsimikas
53,A.Armstrong,5.8,47,FWD,3.1,SOU,8.10,a.armstrong
120,Salisu,4.5,36,DEF,2.1,SOU,8.00,salisu
4,Watkins,7.9,63,FWD,3.9,AVL,7.97,watkins
160,Redmond,5.9,47,MID,3.1,SOU,7.97,redmond
43,Wilson,7.4,59,FWD,3.9,NEW,7.97,wilson
4,Raya,4.3,34,GKP,3.8,BRE,7.91,raya
120,Mahrez,8.6,68,MID,4.5,MCI,7.91,mahrez
3,Partey,5.0,39,MID,2.6,ARS,7.80,partey
20,Benteke,6.3,49,FWD,2.9,CRY,7.78,benteke
32,Tarkowski,4.9,38,DEF,2.7,BUR,7.76,tarkowski
198,Neves,5.3,41,MID,2.4,WOL,7.74,neves
111,Aarons,4.3,33,DEF,1.8,NOR,7.67,aarons
61,McArthur,4.3,33,MID,3.0,CRY,7.67,mcarthur
123,Foden,8.1,62,MID,5.2,MCI,7.65,foden
86,Barnes,6.5,49,MID,3.5,LEI,7.54,barnes
108,Mané,11.8,89,MID,4.9,LIV,7.54,mane
118,Walker-Peters,4.8,36,DEF,2.6,SOU,7.50,walker-peters
39,Jesus,8.7,65,FWD,4.3,MCI,7.47,jesus
61,Jiménez,7.5,56,FWD,3.3,WOL,7.47,jimenez
23,Edouard,6.3,47,FWD,3.1,CRY,7.46,edouard
48,Cornet,5.9,44,MID,4.9,BUR,7.46,cornet
30,Vardy,10.4,77,FWD,5.1,LEI,7.40,vardy
137,Greenwood,7.2,52,MID,4.0,MUN,7.22,greenwood
7,Tavares,4.3,31,DEF,2.4,ARS,7.21,tavares
104,Manquillo,3.9,28,DEF,2.3,NEW,7.18,manquillo
99,James,6.0,43,MID,2.7,LEE,7.17,james
150,McLean,4.9,35,MID,2.1,NOR,7.14,mclean
30,Lamptey,4.5,32,DEF,3.2,BHA,7.11,lamptey
159,Romeu,4.5,32,MID,1.9,SOU,7.11,romeu
15,Buendía,6.2,44,MID,2.8,AVL,7.10,buendia
121,Sterling,10.6,75,MID,4.7,MCI,7.08,sterling
34,Mee,4.8,34,DEF,3.1,BUR,7.08,mee
97,Lindelöf,4.8,34,DEF,2.6,MUN,7.08,lindelof
50,Adams,6.8,48,FWD,3.7,SOU,7.06,adams
167,Elyounoussi,5.4,38,MID,2.7,SOU,7.04,elyounoussi
94,Maguire,5.4,38,DEF,2.5,MUN,7.04,maguire
151,Johnson,4.0,28,DEF,3.1,WHU,7.00,johnson
23,Janelt,5.0,35,MID,2.7,BRE,7.00,janelt
43,Westwood,5.3,37,MID,2.8,BUR,6.98,westwood
57,Hudson-Odoi,5.3,37,MID,3.7,CHE,6.98,hudson-odoi
133,Emerson Royal,4.9,34,DEF,2.8,TOT,6.94,emerson royal
130,Tanganga,4.2,29,DEF,3.2,TOT,6.90,tanganga
30,Foster,4.1,28,GKP,3.5,WAT,6.83,foster
178,Sissoko,4.4,30,MID,2.1,WAT,6.82,sissoko
144,Murphy,4.7,32,MID,2.0,NEW,6.81,murphy
21,Ayew,5.8,39,FWD,2.3,CRY,6.72,ayew
68,Söyüncü,4.9,32,DEF,2.0,LEI,6.53,soyuncu
117,Grealish,7.6,49,MID,3.8,MCI,6.45,grealish
175,Skipp,4.5,29,MID,1.9,TOT,6.44,skipp
147,S.Longstaff,4.5,29,MID,2.2,NEW,6.44,s.longstaff
126,Davies,4.5,29,DEF,4.1,TOT,6.44,davies
197,Traoré,5.6,36,MID,2.1,WOL,6.43,traore
112,Keita,5.0,32,MID,3.6,LIV,6.40,keita
14,Young,4.7,30,DEF,2.5,AVL,6.38,young
46,Joelinton,5.8,37,FWD,2.1,NEW,6.38,joelinton
149,Coufal,4.7,30,DEF,2.0,WHU,6.38,coufal
46,McNeil,5.7,36,MID,2.4,BUR,6.32,mcneil
16,Wood,6.7,42,FWD,2.8,BUR,6.27,wood
95,Roberts,4.8,30,MID,1.7,LEE,6.25,roberts
31,Iheanacho,6.9,43,FWD,3.3,LEI,6.23,iheanacho
145,Hayden,4.5,28,MID,2.0,NEW,6.22,hayden
35,Bissouma,4.4,27,MID,2.2,BHA,6.14,bissouma
52,Kanté,4.9,30,MID,3.0,CHE,6.12,kante
146,Dawson,4.9,30,DEF,2.0,WHU,6.12,dawson
133,Fernandes,11.6,71,MID,4.2,MUN,6.12,fernandes
109,Fabinho,5.4,33,MID,2.8,LIV,6.11,fabinho
45,Brownhill,4.3,26,MID,1.7,BUR,6.05,brownhill
88,Stones,5.3,32,DEF,5.3,MCI,6.04,stones
58,Havertz,7.8,47,MID,3.4,CHE,6.03,havertz
143,Zouma,5.4,32,DEF,2.9,WHU,5.93,zouma
106,Thiago,5.3,31,MID,2.8,LIV,5.85,thiago
37,Mac Allister,5.3,31,MID,2.6,BHA,5.85,mac allister
31,Lallana,5.3,31,MID,2.1,BHA,5.85,lallana
6,Ings,7.7,45,FWD,3.5,AVL,5.84,ings
59,Cucho,5.0,29,FWD,2.4,WAT,5.80,cucho
157,Normann,4.5,26,MID,2.9,NOR,5.78,normann
92,Klich,5.2,30,MID,2.3,LEE,5.77,klich
28,Onyeka,4.9,28,MID,1.9,BRE,5.71,onyeka
56,Coleman,4.9,28,DEF,2.2,EVE,5.71,coleman
148,Gilmour,4.4,25,MID,2.3,NOR,5.68,gilmour
88,Soumaré,4.8,27,MID,2.1,LEI,5.62,soumare
32,Groß,5.7,32,MID,2.7,BHA,5.61,groß
54,Loftus-Cheek,5.4,30,MID,2.5,CHE,5.56,loftus-cheek
188,Lanzini,5.8,32,MID,2.7,WHU,5.52,lanzini
74,Iwobi,5.8,32,MID,2.5,EVE,5.52,iwobi
98,Wan-Bissaka,5.1,28,DEF,2.2,MUN,5.49,wan-bissaka
22,Ajer,4.4,24,DEF,3.4,BRE,5.45,ajer
100,Varane,5.5,30,DEF,4.3,MUN,5.45,varane
114,Gibson,4.4,24,DEF,1.7,NOR,5.45,gibson
42,Ronaldo,12.5,68,FWD,4.9,MUN,5.44,ronaldo
87,Ndidi,4.8,26,MID,2.2,LEI,5.42,ndidi
57,Digne,5.0,27,DEF,2.1,EVE,5.40,digne
44,Gudmundsson,5.4,29,MID,1.9,BUR,5.37,gudmundsson
146,Almirón,5.1,27,MID,1.7,NEW,5.29,almiron
93,Zinchenko,5.3,28,DEF,4.0,MCI,5.28,zinchenko
25,Richarlison,7.4,39,FWD,3.5,EVE,5.27,richarlison
26,Burn,4.4,23,DEF,2.9,BHA,5.23,burn
126,Fernandinho,4.8,25,MID,2.3,MCI,5.21,fernandinho
94,Phillips,4.8,25,MID,2.1,LEE,5.21,phillips
61,Godfrey,4.8,25,DEF,1.8,EVE,5.21,godfrey
95,Shaw,5.0,26,DEF,2.2,MUN,5.20,shaw
98,Harrison,5.6,29,MID,1.9,LEE,5.18,harrison
1,Lacazette,8.5,44,FWD,3.1,ARS,5.18,lacazette
90,Aké,4.7,24,DEF,4.0,MCI,5.11,ake
5,Fernández,4.5,23,GKP,2.9,BRE,5.11,fernandez
78,Gordon,4.5,23,MID,1.6,EVE,5.11,gordon
140,Willock,5.7,29,MID,1.8,NEW,5.09,willock
33,March,5.3,27,MID,1.9,BHA,5.09,march
28,Webster,4.4,22,DEF,2.4,BHA,5.00,webster
200,Trincão,5.6,28,MID,2.0,WOL,5.00,trincao
148,Masuaku,4.4,22,DEF,3.1,WHU,5.00,masuaku
136,McTominay,5.4,27,MID,1.8,MUN,5.00,mctominay
115,Giannoulis,4.4,22,DEF,2.4,NOR,5.00,giannoulis
196,Dendoncker,4.8,24,MID,1.7,WOL,5.00,dendoncker
69,Thomas,4.3,21,DEF,2.3,LEI,4.88,thomas
49,Sargent,5.4,26,FWD,1.6,NOR,4.81,sargent
154,Rashica,5.2,25,MID,1.9,NOR,4.81,rashica
119,De Bruyne,11.9,57,MID,4.4,MCI,4.79,de bruyne
8,Sambi Lokonga,4.8,23,MID,1.8,ARS,4.79,sambi lokonga
155,Lees-Melou,4.8,23,MID,1.8,NOR,4.79,lees-melou
103,Lascelles,4.4,21,DEF,1.4,NEW,4.77,lascelles
199,Podence,5.5,26,MID,2.2,WOL,4.73,podence
130,Pogba,7.4,35,MID,3.9,MUN,4.73,pogba
143,Fraser,5.3,25,MID,1.8,NEW,4.72,fraser
33,Rodrigo,6.2,29,FWD,2.4,LEE,4.68,rodrigo
90,Lookman,6.0,28,MID,2.5,LEI,4.67,lookman
37,Firmino,8.7,40,FWD,4.0,LIV,4.60,firmino
0,Aubameyang,9.6,44,FWD,3.1,ARS,4.58,aubameyang
180,Cleverley,4.8,22,MID,1.8,WAT,4.58,cleverley
185,Kucka,5.5,25,MID,1.9,WAT,4.55,kucka
129,Matic,4.4,20,MID,2.2,MUN,4.55,matic
141,Shelvey,5.3,24,MID,2.2,NEW,4.53,shelvey
25,Jensen,4.9,22,MID,2.0,BRE,4.49,jensen
29,Baptiste,4.9,22,MID,2.0,BRE,4.49,baptiste
68,Olise,5.4,24,MID,2.0,CRY,4.44,olise
165,Diallo,4.5,20,MID,1.7,SOU,4.44,diallo
22,Darlow,4.5,20,GKP,2.5,NEW,4.44,darlow
17,Vydra,5.2,23,FWD,1.8,BUR,4.42,vydra
73,Ayling,4.3,19,DEF,2.1,LEE,4.42,ayling
39,Mwepu,5.9,26,MID,2.9,BHA,4.41,mwepu
18,Bailey,6.3,27,MID,3.0,AVL,4.29,bailey
104,Milner,4.9,21,MID,1.9,LIV,4.29,milner
64,Schlupp,5.4,23,MID,1.8,CRY,4.26,schlupp
114,Jones,5.0,21,MID,4.2,LIV,4.20,jones
106,Schär,4.3,18,DEF,2.0,NEW,4.19,schar
67,Castagne,5.3,22,DEF,1.5,LEI,4.15,castagne
107,Chamberlain,5.8,24,MID,2.0,LIV,4.14,chamberlain
84,Konaté,5.1,21,DEF,3.5,LIV,4.12,konate
109,Williams,3.9,16,DEF,1.3,NOR,4.10,williams
65,Pereira,5.2,21,DEF,2.6,LEI,4.04,pereira
101,Forshaw,4.5,18,MID,1.8,LEE,4.00,forshaw
99,Dalot,4.5,18,DEF,2.2,MUN,4.00,dalot
53,Ziyech,7.3,29,MID,2.9,CHE,3.97,ziyech
135,Cathcart,4.3,17,DEF,1.2,WAT,3.95,cathcart
32,Daka,7.1,28,FWD,4.0,LEI,3.94,daka
36,Gelhardt,4.6,18,FWD,3.0,LEE,3.91,gelhardt
19,Lukaku,11.5,45,FWD,3.8,CHE,3.91,lukaku
56,João Pedro,5.4,21,FWD,1.9,WAT,3.89,joao pedro
125,Torres,6.7,26,MID,6.5,MCI,3.88,torres
23,Dubravka,4.4,17,GKP,2.4,NEW,3.86,dubravka
176,Ndombele,5.7,22,MID,2.4,TOT,3.86,ndombele
9,Hause,4.4,17,DEF,4.2,AVL,3.86,hause
31,Bachmann,4.2,16,GKP,2.0,WAT,3.81,bachmann
121,Perraud,4.8,18,DEF,2.6,SOU,3.75,perraud
30,Wissa,5.9,22,MID,2.4,BRE,3.73,wissa
54,Kane,12.1,45,FWD,3.0,TOT,3.72,kane
48,Tomkins,4.3,16,DEF,2.3,CRY,3.72,tomkins
136,Femenía,4.3,16,DEF,1.6,WAT,3.72,femenia
170,Dele,6.2,23,MID,2.6,TOT,3.71,dele
101,Ritchie,4.9,18,DEF,1.1,NEW,3.67,ritchie
97,Shackleton,4.4,16,MID,1.5,LEE,3.64,shackleton
116,Kabak,4.4,16,DEF,1.8,NOR,3.64,kabak
4,Pépé,6.9,25,MID,2.8,ARS,3.62,pepe
96,Telles,5.0,18,DEF,3.0,MUN,3.60,telles
138,Sancho,8.9,32,MID,2.3,MUN,3.60,sancho
113,Omobamidele,3.9,14,DEF,2.8,NOR,3.59,omobamidele
24,Ghoddos,5.3,19,MID,2.1,BRE,3.58,ghoddos
14,El Ghazi,5.6,20,MID,2.2,AVL,3.57,el ghazi
13,Nakamba,4.5,16,MID,1.3,AVL,3.56,nakamba
0,Xhaka,4.8,17,MID,1.9,ARS,3.54,xhaka
64,Evans,5.4,19,DEF,1.9,LEI,3.52,evans
26,Rondón,6.0,21,FWD,1.9,EVE,3.50,rondon
138,Troost-Ekong,4.3,15,DEF,1.0,WAT,3.49,troost-ekong
37,Collins,4.3,15,DEF,3.0,BUR,3.49,collins
173,Bergwijn,5.9,20,MID,2.5,TOT,3.39,bergwijn
55,Pulisic,7.9,26,MID,2.9,CHE,3.29,pulisic
34,Bamford,7.7,25,FWD,4.2,LEE,3.25,bamford
134,Rashford,9.4,30,MID,3.0,MUN,3.19,rashford
149,Rupp,4.4,14,MID,1.4,NOR,3.18,rupp
15,Tuanzebe,4.4,14,DEF,1.6,AVL,3.18,tuanzebe
81,Albrighton,5.2,16,MID,2.3,LEI,3.08,albrighton
102,Clark,4.4,13,DEF,1.1,NEW,2.95,clark
42,Cork,4.4,13,MID,2.2,BUR,2.95,cork
38,Origi,4.8,14,FWD,4.7,LIV,2.92,origi
24,Calvert-Lewin,7.9,23,FWD,7.7,EVE,2.91,calvert-lewin
66,Amartey,3.8,11,DEF,1.2,LEI,2.89,amartey
158,Hoever,3.9,11,DEF,1.8,WOL,2.82,hoever
132,Lingard,6.8,19,MID,2.4,MUN,2.79,lingard
163,Tella,4.7,13,MID,1.6,SOU,2.77,tella
14,Rodriguez,5.2,14,FWD,1.2,BUR,2.69,rodriguez
24,Zanka,4.5,12,DEF,1.7,BRE,2.67,zanka
132,Romero,4.9,13,DEF,1.9,TOT,2.65,romero
48,Idah,4.9,13,FWD,1.1,NOR,2.65,idah
59,Mina,4.9,13,DEF,1.9,EVE,2.65,mina
141,Ngakia,4.3,11,DEF,1.1,WAT,2.56,ngakia
18,Werner,8.6,22,FWD,2.4,CHE,2.56,werner
18,Goode,3.9,10,DEF,1.7,BRE,2.56,goode
108,Fernández,4.3,11,DEF,1.6,NEW,2.56,fernandez
105,Krafth,4.3,11,DEF,1.6,NEW,2.56,krafth
151,Dowell,5.1,13,MID,1.6,NOR,2.55,dowell
67,Hughes,4.7,12,MID,3.0,CRY,2.55,hughes
12,Welbeck,5.9,15,FWD,3.0,BHA,2.54,welbeck
89,Dewsbury-Hall,4.4,11,MID,1.4,LEI,2.50,dewsbury-hall
60,Holgate,4.2,10,DEF,1.4,EVE,2.38,holgate
107,Lewis,4.2,10,DEF,2.0,NEW,2.38,lewis
139,Masina,4.3,10,DEF,1.1,WAT,2.33,masina
2,Maitland-Niles,5.2,12,MID,1.5,ARS,2.31,maitland-niles
75,Davies,4.8,11,MID,2.2,EVE,2.29,davies
135,van de Beek,5.7,13,MID,1.9,MUN,2.28,van de beek
117,Stephens,4.4,10,DEF,1.7,SOU,2.27,stephens
172,Winks,4.4,10,MID,2.0,TOT,2.27,winks
1,Elneny,4.4,10,MID,1.7,ARS,2.27,elneny
62,Milivojevic,5.3,12,MID,1.7,CRY,2.26,milivojevic
63,Branthwaite,4.0,9,DEF,9.0,EVE,2.25,branthwaite
83,Pérez,5.7,12,MID,1.7,LEI,2.11,perez
150,Diop,4.3,9,DEF,2.2,WHU,2.09,diop
76,Struijk,4.3,9,DEF,0.8,LEE,2.09,struijk
24,Woodman,4.4,9,GKP,2.2,NEW,2.05,woodman
72,André Gomes,4.9,10,MID,1.7,EVE,2.04,andre gomes
40,Cavani,8.4,17,FWD,2.8,MUN,2.02,cavani
20,Chukwuemeka,4.5,9,MID,1.8,AVL,2.00,chukwuemeka
127,Palmer,4.5,9,MID,2.2,MCI,2.00,palmer
89,Cancelo,6.9,113,DEF,6.3,MCI,16.38,cancelo
33,Sá,5.1,83,GKP,4.6,WOL,16.27,sa
1,Ramsdale,5.2,83,GKP,5.2,ARS,15.96,ramsdale
153,Coady,4.5,71,DEF,3.9,WOL,15.78,coady
5,Gabriel,5.3,81,DEF,5.1,ARS,15.28,gabriel
82,Alexander-Arnold,8.3,126,DEF,7.9,LIV,15.18,alexander-arnold
154,Saïss,5.0,75,DEF,4.2,WOL,15.00,saiss
60,Gallagher,6.1,91,MID,5.4,CRY,14.92,gallagher
6,White,4.5,67,DEF,3.9,ARS,14.89,white
42,Rüdiger,6.2,90,DEF,5.0,CHE,14.52,rudiger
157,Kilman,4.5,65,DEF,3.6,WOL,14.44,kilman
4,Tierney,4.9,70,DEF,5.4,ARS,14.29,tierney
5,Smith Rowe,6.1,87,MID,5.1,ARS,14.26,smith rowe
92,Dias,6.2,88,DEF,4.9,MCI,14.19,dias
8,Tomiyasu,4.8,68,DEF,4.5,ARS,14.17,tomiyasu
45,James,6.4,90,DEF,6.0,CHE,14.06,james
57,Dennis,6.0,84,FWD,5.6,WAT,14.00,dennis
21,de Gea,5.1,71,GKP,4.2,MUN,13.92,de gea
6,Saka,6.3,87,MID,4.6,ARS,13.81,saka
7,Sánchez,4.6,62,GKP,3.9,BHA,13.48,sanchez
125,Dier,4.6,61,DEF,3.8,TOT,13.26,dier
129,Reguilón,5.3,70,DEF,4.7,TOT,13.21,reguilon
40,Thiago Silva,5.6,74,DEF,4.6,CHE,13.21,thiago silva
32,Fabianski,5.0,66,GKP,3.7,WHU,13.20,fabianski
29,Lloris,5.4,71,GKP,4.4,TOT,13.15,lloris
91,Laporte,5.5,72,DEF,4.8,MCI,13.09,laporte
110,Salah,13.0,170,MID,9.4,LIV,13.08,salah
16,Jansson,4.6,60,DEF,3.5,BRE,13.04,jansson
49,Jorginho,5.9,76,MID,4.8,CHE,12.88,jorginho
19,Ederson,6.0,77,GKP,4.3,MCI,12.83,ederson
189,Benrahma,5.9,75,MID,4.2,WHU,12.71,benrahma
17,Alisson,6.0,76,GKP,4.5,LIV,12.67,alisson
96,Raphinha,6.5,82,MID,5.1,LEE,12.62,raphinha
10,Mendy,6.2,78,GKP,4.3,CHE,12.58,mendy
80,van Dijk,6.6,83,DEF,5.2,LIV,12.58,van dijk
122,Bernardo,7.6,95,MID,5.3,MCI,12.50,bernardo
9,Ødegaard,5.6,70,MID,4.1,ARS,12.50,ødegaard
190,Bowen,6.5,80,MID,4.4,WHU,12.31,bowen
122,Livramento,4.4,54,DEF,3.0,SOU,12.27,livramento
3,Martínez,5.5,67,GKP,3.9,AVL,12.18,martinez
105,Henderson,5.1,62,MID,3.9,LIV,12.16,henderson
156,Semedo,4.8,58,DEF,3.6,WOL,12.08,semedo
119,Bednarek,4.4,53,DEF,4.1,SOU,12.05,bednarek
35,Lowton,4.4,53,DEF,3.5,BUR,12.05,lowton
77,Gray,5.5,66,MID,4.1,EVE,12.00,gray
10,Mings,5.0,60,DEF,3.5,AVL,12.00,mings
17,Henry,4.5,54,DEF,3.4,BRE,12.00,henry
27,McCarthy,4.5,53,GKP,3.5,SOU,11.78,mccarthy
21,Pinnock,4.5,53,DEF,3.3,BRE,11.78,pinnock
53,Guéhi,4.6,54,DEF,3.2,CRY,11.74,guehi
11,Guaita,4.6,54,GKP,3.4,CRY,11.74,guaita
47,Chalobah,4.7,55,DEF,4.6,CHE,11.70,chalobah
84,Maddison,6.8,79,MID,4.6,LEI,11.62,maddison
113,Jota,8.1,94,MID,5.5,LIV,11.60,jota
56,Mount,7.7,89,MID,5.6,CHE,11.56,mount
76,Townsend,5.2,60,MID,3.8,EVE,11.54,townsend
12,Cash,5.0,57,DEF,3.2,AVL,11.40,cash
58,Keane,4.9,55,DEF,3.2,EVE,11.22,keane
45,Saint-Maximin,6.6,74,FWD,3.9,NEW,11.21,saint-maximin
31,Cucurella,5.0,56,DEF,4.0,BHA,11.20,cucurella
41,Alonso,5.7,63,DEF,4.8,CHE,11.05,alonso
79,Matip,4.9,54,DEF,3.9,LIV,11.02,matip
171,Højbjerg,5.0,55,MID,3.7,TOT,11.00,højbjerg
25,Duffy,4.1,45,DEF,3.5,BHA,10.98,duffy
34,Trossard,6.2,68,MID,4.0,BHA,10.97,trossard
25,Krul,4.5,49,GKP,2.9,NOR,10.89,krul
193,Fornals,6.0,65,MID,3.6,WHU,10.83,fornals
13,Konsa,4.9,53,DEF,3.1,AVL,10.82,konsa
82,Tielemans,6.4,69,MID,5.3,LEI,10.78,tielemans
51,Mitchell,4.5,48,DEF,2.7,CRY,10.67,mitchell
16,Meslier,4.9,52,GKP,2.9,LEE,10.61,meslier
191,Rice,5.1,54,MID,3.0,WHU,10.59,rice
73,Doucouré,5.4,57,MID,4.4,EVE,10.56,doucoure
47,Pukki,5.9,62,FWD,3.4,NOR,10.51,pukki
60,Antonio,7.7,80,FWD,4.7,WHU,10.39,antonio
127,Sánchez,4.5,46,DEF,4.6,TOT,10.22,sanchez
49,Kouyaté,4.5,46,DEF,2.9,CRY,10.22,kouyate
13,Pickford,4.9,50,GKP,3.1,EVE,10.20,pickford
27,Dunk,4.9,50,DEF,3.6,BHA,10.20,dunk
7,Martinelli,5.4,55,MID,4.6,ARS,10.19,martinelli
12,McGinn,5.9,60,MID,3.8,AVL,10.17,mcginn
11,Targett,4.7,47,DEF,2.9,AVL,10.00,targett
192,Soucek,5.7,57,MID,3.2,WHU,10.00,soucek
111,Minamino,5.1,10,MID,1.7,LIV,1.96,minamino
77,Firpo,4.7,9,DEF,0.8,LEE,1.91,firpo
70,Vestergaard,4.7,9,DEF,1.1,LEI,1.91,vestergaard
158,Walcott,5.8,11,MID,1.4,SOU,1.90,walcott
9,Forss,5.3,10,FWD,1.7,BRE,1.89,forss
152,Cantwell,5.3,10,MID,1.2,NOR,1.89,cantwell
156,Tzolis,4.8,9,MID,1.1,NOR,1.88,tzolis
128,Sessegnon,4.3,8,DEF,2.7,TOT,1.86,sessegnon
19,Roerslev,4.3,8,DEF,1.1,BRE,1.86,roerslev
187,Yarmolenko,5.1,9,MID,1.0,WHU,1.76,yarmolenko
15,Barnes,5.2,9,FWD,1.1,BUR,1.73,barnes
166,Djenepo,5.2,9,MID,1.1,SOU,1.73,djenepo
3,Holding,4.1,7,DEF,1.8,ARS,1.71,holding
41,Martial,7.6,13,FWD,1.9,MUN,1.71,martial
115,Elliott,5.3,9,MID,2.2,LIV,1.70,elliott
142,Hendrick,4.8,8,MID,2.7,NEW,1.67,hendrick
134,Rose,4.2,7,DEF,0.9,WAT,1.67,rose
46,Sarr,4.9,8,DEF,8.0,CHE,1.63,sarr
184,Etebo,4.3,7,MID,1.2,WAT,1.63,etebo
186,Tufan,5.0,8,MID,1.3,WAT,1.60,tufan
123,Lyanco,4.4,7,DEF,0.9,SOU,1.59,lyanco
20,Steffen,4.5,7,GKP,7.0,MCI,1.56,steffen
181,Sema,5.2,8,MID,1.1,WAT,1.54,sema
174,Lo Celso,5.9,9,MID,1.3,TOT,1.53,lo celso
153,Placheta,4.7,7,MID,1.8,NOR,1.49,placheta
62,Fabio Silva,5.6,8,FWD,1.0,WOL,1.43,fabio silva
10,Traoré,5.7,8,MID,1.6,AVL,1.40,traore
70,Delph,4.3,6,MID,1.0,EVE,1.40,delph
18,Kelleher,4.3,6,GKP,6.0,LIV,1.40,kelleher
194,Vlasic,5.7,8,MID,1.1,WHU,1.40,vlasic
50,Barkley,5.2,7,MID,1.4,CHE,1.35,barkley
9,Arrizabalaga,4.7,6,GKP,6.0,CHE,1.28,arrizabalaga
142,Nkoulou,4.4,5,DEF,1.7,WAT,1.14,nkoulou
100,Summerville,4.5,5,MID,1.0,LEE,1.11,summerville
177,Bryan,5.7,6,MID,1.0,TOT,1.05,bryan
86,N.Williams,3.9,4,DEF,4.0,LIV,1.03,n.williams
47,Lennon,4.9,5,MID,0.8,BUR,1.02,lennon
11,Sanson,5.0,5,MID,1.2,AVL,1.00,sanson
78,Cresswell,4.0,4,DEF,1.0,LEE,1.00,cresswell
183,Louza,5.2,5,MID,1.0,WAT,0.96,louza
11,Connolly,5.3,5,FWD,1.2,BHA,0.94,connolly
112,Sørensen,4.3,4,DEF,1.3,NOR,0.93,sørensen
0,Leno,4.5,4,GKP,1.3,ARS,0.89,leno
71,Bertrand,4.6,4,DEF,1.0,LEI,0.87,bertrand
161,S.Armstrong,5.8,5,MID,1.0,SOU,0.86,s.armstrong
36,Alzate,4.8,4,MID,1.3,BHA,0.83,alzate
59,Saúl,5.0,4,MID,0.8,CHE,0.80,saul
44,Gayle,5.2,4,FWD,1.0,NEW,0.77,gayle
33,Pieters,4.2,3,DEF,1.0,BUR,0.71,pieters
140,Sierralta,4.3,3,DEF,1.0,WAT,0.70,sierralta
137,Kabasele,4.3,3,DEF,1.0,WAT,0.70,kabasele
79,Gbamin,4.4,3,MID,1.0,EVE,0.68,gbamin
27,Bidstrup,4.4,3,MID,1.0,BRE,0.68,bidstrup
12,Butland,4.4,3,GKP,1.5,CRY,0.68,butland
62,Kenny,4.4,3,DEF,1.5,EVE,0.68,kenny
7,Archer,4.5,3,FWD,1.0,AVL,0.67,archer
65,Riedewald,4.7,3,MID,1.5,CRY,0.64,riedewald
124,Doherty,4.7,3,DEF,1.0,TOT,0.64,doherty
83,Gomez,4.7,3,DEF,1.0,LIV,0.64,gomez
55,Fletcher,4.9,3,FWD,1.0,WAT,0.61,fletcher
22,Mateta,5.2,3,FWD,1.0,CRY,0.58,mateta
2,Nketiah,5.4,3,FWD,1.0,ARS,0.56,nketiah
6,Steele,4.0,2,GKP,2.0,BHA,0.50,steele
0,Cédric,4.2,2,DEF,0.5,ARS,0.48,cedric
55,Clyne,4.3,2,DEF,1.0,CRY,0.47,clyne
85,Choudhury,4.4,2,MID,1.0,LEI,0.45,choudhury
40,Richards,4.5,2,MID,1.0,BHA,0.44,richards
80,Onyango,4.5,2,MID,1.0,EVE,0.44,onyango
28,Dobbin,4.5,2,FWD,0.7,EVE,0.44,dobbin
28,Caballero,4.5,2,GKP,1.0,SOU,0.44,caballero
27,Simms,4.5,2,FWD,2.0,EVE,0.44,simms
164,Smallbone,4.5,2,MID,2.0,SOU,0.44,smallbone
41,Sarmiento,4.5,2,MID,1.0,BHA,0.44,sarmiento
3,Balogun,4.7,2,FWD,1.0,ARS,0.43,balogun
52,Long,5.4,2,FWD,1.0,SOU,0.37,long
66,Eze,5.9,2,MID,1.0,CRY,0.34,eze
14,Begović,4.0,1,GKP,1.0,EVE,0.25,begovic
152,Ashby,4.0,1,DEF,1.0,WHU,0.25,ashby
2,Steer,4.0,1,GKP,1.0,AVL,0.25,steer
1,Marí,4.2,1,DEF,0.5,ARS,0.24,mari
2,Chambers,4.2,1,DEF,0.5,ARS,0.24,chambers
147,Fredericks,4.4,1,DEF,1.0,WHU,0.23,fredericks
23,Thompson,4.4,1,DEF,1.0,BRE,0.23,thompson
26,Forster,4.4,1,GKP,1.0,SOU,0.23,forster
131,Rodon,4.3,1,DEF,1.0,TOT,0.23,rodon
20,Sørensen,4.3,1,DEF,0.5,BRE,0.23,sørensen
128,McAtee,4.4,1,MID,1.0,MCI,0.23,mcatee
103,McKinstry,4.3,1,MID,1.0,LEE,0.23,mckinstry
69,Rak-Sakyi,4.4,1,MID,1.0,CRY,0.23,rak-sakyi
38,Roberts,4.5,1,DEF,1.0,BUR,0.22,roberts
102,McCarron,4.5,1,MID,1.0,LEE,0.22,mccarron
50,Ferguson,4.5,1,DEF,1.0,CRY,0.22,ferguson
5,Davis,4.5,1,FWD,1.0,AVL,0.22,davis
13,Locadia,4.5,1,FWD,1.0,BHA,0.22,locadia
35,Greenwood,4.5,1,FWD,1.0,LEE,0.22,greenwood
91,McAteer,4.5,1,MID,1.0,LEI,0.22,mcateer
116,Morton,4.5,1,MID,0.5,LIV,0.22,morton
139,Elanga,4.8,1,MID,1.0,MUN,0.21,elanga
179,Gosling,4.7,1,MID,1.0,WAT,0.21,gosling
29,Tosun,5.0,1,FWD,1.0,EVE,0.20,tosun
19,Philogene-Bidace,5.0,1,MID,1.0,AVL,0.20,philogene-bidace
75,Koch,4.3,-1,DEF,-0.5,LEE,-0.23,koch
